epoch,accuracy,loss,val_accuracy,val_loss
0,0.95989245,1.1020126913908668,0.929407,1.2321352107184274
1,0.9600565,1.0222345065459495,0.95093185,1.1370338882718767
2,0.9602933,0.9543693102532744,0.9340663,1.1064795340810503
