epoch,accuracy,loss
0,0.9598445,1.1251771509231716
